{"Total Discharges":{"Alabama":11,"Alaska":12,"Arizona":28,"Arkansas":52,"California":21,"Colorado":11,"Connecticut":13,"Delaware":64,"Florida":30,"Georgia":15,"Hawaii":12,"Idaho":13,"Illinois":22,"Indiana":11,"Iowa":24,"Kansas":34,"Kentucky":17,"Louisiana":19,"Maine":26,"Maryland":82,"Massachusetts":21,"Michigan":27,"Minnesota":26,"Mississippi":37,"Missouri":45,"Montana":13,"Nebraska":36,"Nevada":53,"New Hampshire":25,"New Jersey":28,"New Mexico":22,"New York":20,"North Carolina":40,"North Dakota":22,"Ohio":18,"Oklahoma":33,"Oregon":18,"Pennsylvania":12,"Rhode Island":25,"South Carolina":63,"South Dakota":13,"Tennessee":19,"Texas":39,"Utah":15,"Vermont":12,"Virginia":13,"Washington":42,"West Virginia":15,"Wisconsin":18,"Wyoming":31},"Average Covered Charges":{"Alabama":1014783.45,"Alaska":486576.67,"Arizona":382051.0,"Arkansas":361262.63,"California":971881.48,"Colorado":1017809.0,"Connecticut":1266155.23,"Delaware":277620.63,"Florida":1079113.53,"Georgia":542336.73,"Hawaii":793825.08,"Idaho":577744.62,"Illinois":1387768.4099999999,"Indiana":1441760.0900000001,"Iowa":760412.21,"Kansas":641739.76,"Kentucky":758178.9399999999,"Louisiana":725489.53,"Maine":420750.19,"Maryland":174014.32,"Massachusetts":895376.67,"Michigan":523837.0,"Minnesota":563417.96,"Mississippi":337675.78,"Missouri":773946.22,"Montana":91905.08,"Nebraska":730684.0,"Nevada":392281.23,"New Hampshire":536503.72,"New Jersey":1100601.75,"New Mexico":266096.18,"New York":588095.5,"North Carolina":971722.08,"North Dakota":355976.55,"Ohio":922798.89,"Oklahoma":1338839.8799999999,"Oregon":459509.72,"Pennsylvania":2794183.75,"Rhode Island":486934.56,"South Carolina":411236.89,"South Dakota":442268.54,"Tennessee":691394.16,"Texas":602633.33,"Utah":635153.27,"Vermont":274821.25,"Virginia":801000.38,"Washington":675729.24,"West Virginia":291600.0,"Wisconsin":636503.4399999999,"Wyoming":26885.84},"Average Total Payments":{"Alabama":171081.18,"Alaska":130684.17,"Arizona":194081.39,"Arkansas":92516.33,"California":324050.71,"Colorado":225019.73,"Connecticut":268305.23,"Delaware":141846.39,"Florida":188579.17,"Georgia":221120.0,"Hawaii":276840.25,"Idaho":184613.77,"Illinois":352630.77,"Indiana":302066.0,"Iowa":243514.83,"Kansas":130257.5,"Kentucky":173141.06,"Louisiana":205274.26,"Maine":176796.42,"Maryland":160658.83,"Massachusetts":258423.24,"Michigan":194225.85,"Minnesota":331390.92,"Mississippi":115429.84,"Missouri":279663.09,"Montana":29839.62,"Nebraska":225829.64,"Nevada":110293.62,"New Hampshire":188148.08,"New Jersey":241902.96,"New Mexico":148538.55,"New York":275677.1,"North Carolina":273829.85,"North Dakota":139502.73,"Ohio":210959.0,"Oklahoma":238949.09,"Oregon":217722.61,"Pennsylvania":280442.67,"Rhode Island":169457.28,"South Carolina":158159.49,"South Dakota":103390.92,"Tennessee":188368.58,"Texas":208717.62,"Utah":292849.47,"Vermont":117790.67,"Virginia":281353.69,"Washington":289089.88,"West Virginia":118859.13,"Wisconsin":174729.89,"Wyoming":7047.52},"Average Medicare Payments":{"Alabama":141193.91,"Alaska":128857.67,"Arizona":167511.96,"Arkansas":90509.9,"California":294419.62,"Colorado":209039.64,"Connecticut":236996.46,"Delaware":126972.53,"Florida":181159.7,"Georgia":188005.2,"Hawaii":247465.83,"Idaho":172708.23,"Illinois":263922.05,"Indiana":278908.09,"Iowa":194955.75,"Kansas":128247.29,"Kentucky":154624.82,"Louisiana":179825.21,"Maine":143729.08,"Maryland":154327.18,"Massachusetts":247499.05,"Michigan":192235.78,"Minnesota":222097.54,"Mississippi":104829.76,"Missouri":202931.11,"Montana":28942.23,"Nebraska":204453.83,"Nevada":101214.85,"New Hampshire":174008.6,"New Jersey":226881.82,"New Mexico":135590.32,"New York":240922.2,"North Carolina":241655.3,"North Dakota":99664.77,"Ohio":198469.61,"Oklahoma":222983.36,"Oregon":210304.0,"Pennsylvania":235201.67,"Rhode Island":157485.64,"South Carolina":130704.35,"South Dakota":100683.77,"Tennessee":186899.63,"Texas":180369.82,"Utah":222587.67,"Vermont":109891.33,"Virginia":166683.85,"Washington":262069.0,"West Virginia":108459.93,"Wisconsin":160932.11,"Wyoming":5958.61},"Medianincome_2016":{"Alabama":47221.0,"Alaska":75723.0,"Arizona":57100.0,"Arkansas":45907.0,"California":66637.0,"Colorado":70566.0,"Connecticut":75923.0,"Delaware":58046.0,"Florida":51176.0,"Georgia":53527.0,"Hawaii":72133.0,"Idaho":56564.0,"Illinois":61386.0,"Indiana":56094.0,"Iowa":59094.0,"Kansas":56810.0,"Kentucky":45369.0,"Louisiana":42196.0,"Maine":50856.0,"Maryland":73760.0,"Massachusetts":72266.0,"Michigan":57091.0,"Minnesota":70218.0,"Mississippi":41099.0,"Missouri":55016.0,"Montana":57075.0,"Nebraska":59374.0,"Nevada":55431.0,"New Hampshire":76260.0,"New Jersey":68468.0,"New Mexico":48451.0,"New York":61437.0,"North Carolina":53764.0,"North Dakota":60184.0,"Ohio":53985.0,"Oklahoma":50943.0,"Oregon":59135.0,"Pennsylvania":60979.0,"Rhode Island":61528.0,"South Carolina":54336.0,"South Dakota":57450.0,"Tennessee":51344.0,"Texas":58146.0,"Utah":67481.0,"Vermont":60837.0,"Virginia":66451.0,"Washington":70310.0,"West Virginia":44354.0,"Wisconsin":59817.0,"Wyoming":57829.0},"Medianincome_2015":{"Alabama":44509.0,"Alaska":75112.0,"Arizona":52248.0,"Arkansas":42798.0,"California":63636.0,"Colorado":66596.0,"Connecticut":72889.0,"Delaware":57756.0,"Florida":48825.0,"Georgia":50768.0,"Hawaii":64514.0,"Idaho":51624.0,"Illinois":60413.0,"Indiana":51983.0,"Iowa":60855.0,"Kansas":54865.0,"Kentucky":42387.0,"Louisiana":45922.0,"Maine":50756.0,"Maryland":73594.0,"Massachusetts":67861.0,"Michigan":54203.0,"Minnesota":68730.0,"Mississippi":40037.0,"Missouri":59196.0,"Montana":51395.0,"Nebraska":60474.0,"Nevada":52008.0,"New Hampshire":75675.0,"New Jersey":68357.0,"New Mexico":45119.0,"New York":58005.0,"North Carolina":50797.0,"North Dakota":57415.0,"Ohio":53301.0,"Oklahoma":47077.0,"Oregon":60834.0,"Pennsylvania":60389.0,"Rhode Island":55701.0,"South Carolina":46360.0,"South Dakota":55065.0,"Tennessee":47330.0,"Texas":56473.0,"Utah":66258.0,"Vermont":59494.0,"Virginia":61486.0,"Washington":67243.0,"West Virginia":42824.0,"Wisconsin":55425.0,"Wyoming":60925.0}}